﻿id_medicine;name;cure_duration
1;Анаферон;11
2;Арбидол;7
3;Баралгетас;12
4;Граммидин;14
5;Кагоцел;10
6;Ремантадин;5
7;Ринза;3
8;Риниколд;4
9;Синупред;21
10;Кордеон;60
11;Линкас;7
12;Овесол;30
13;Цитрамон;3
14;Парацетамол;4
15;Уголь активированный;5
16;Гриппферон;7
17;Анальгин;2
18;Гептрал;30
19;Карсил;28
20;Визмед мульти;3
21;"Бифиформ ";12
