﻿id_pharmacy;name;rating
1;Панатек;9
2;Аптека № 73;4
3;Интерфарм-3;10
4;Аптека Farmani;7
5;Аптека № 1;8
6;Дежурный аптекарь;7
7;Аптека №7;5
8;Аптека №8;7
9;Аптека №9;2
10;Аптека №10;5
11;Аптека №11;4
12;Аптека №12;6
13;Аптека №13;2
14;Аптека №14;9
15;Аптека №15;9
16;Аптека №16;8
17;Аптека №17;8
18;Аптека №18;6
19;Аптека №19;8
20;Аптека №20;4
21;Аптека №21;1
22;Аптека №22;6
23;Аптека №23;4
24;Аптека №24;9
25;Аптека №25;10
