﻿id_teacher;name;phone
1;Ловзанский Феоктист Фомевич;7(7800)227-72-32
2;Яшуков Капитон Архипович;7(676)046-56-35
3;Кривоухов Эрнст Адрианович;7(13)135-92-59
4;Каширин Емельян Никитевич;7(823)568-93-66
5;Рябков Елисей Эдуардович;7(600)638-84-26
6;Савин Севастьян Севастьянович;7(515)653-47-70
7;Шадрин Семён Изяславович;7(48)758-11-92
8;Амелин Антип Онуфриевич;7(651)041-69-32
